"Project Name","ID","Task Name","Description","Status","Progress","Start Date","End Date","Comment","Assigned To"
"Demo Project","1","tooooo","ghg","To Do","0","2024-05-28","2024-06-14","","Ashwini Asawale,"
"","2","fkgjfg","fgfg","To Do","0","2024-05-28","2024-06-21","","Ashwini Asawale,"
"","3","sdssd","sd","To Do","0","2024-05-28","2024-06-20","","Ashwini Asawale,"
"","4","ytgere","fgfg","To Do","0","2024-05-28","2024-06-21","","Ashwini Asawale,"
"","5","ghgh","ghg","To Do","0","2024-05-28","2024-06-20","","Ashwini Asawale,"
"","6","fggfv","fgfg","To Do","0","2024-05-28","2024-06-20","","Ashwini Asawale,"
"","7","hjhj","hjhj","To Do","0","2024-05-28","2024-06-21","","Ashwini Asawale,"
"","8","ghgh","ghgh","To Do","0","2024-05-28","2024-06-20","","Ashwini Asawale,"
"","10","bnb","bnbn","To Do","0","2024-05-28","2024-06-05","","Ashwini Asawale,"
"","11","hgjhyyyy","ghhg","To Do","0","2024-05-28","2024-06-15","","Ashwini Asawale,"
"","12","Ahishek","dfdf","To Do","0","2024-05-28","2024-06-20","","Ashwini Asawale,"
"","13","bvbvb","","To Do","0","2024-05-28","2024-06-20","","Ashwini Asawale,"
"","14","GMS","ghgh","To Do","0","2024-05-28","2024-06-21","","Ashwini Asawale,"
"","15","hghytyt","ttyt","To Do","0","2024-05-28","2024-06-13","","Ashwini Asawale,"
"","16","hgh","ghgh","To Do","0","2024-05-28","2024-06-21","","Ashwini Asawale,"
"","17","dggfg","dfdfd","To Do","0","2024-05-28","2024-06-20","","Ashwini Asawale,"
"","18","fgdg fgfg","fdgrtr","To Do","0","2024-05-28","2024-06-20","","Ashwini Asawale,"
"","19","ggh","gg","To Do","0","2024-05-28","2024-06-20","","Ashwini Asawale,"
"","20","ttyb","yty","To Do","0","2024-05-28","2024-06-28","","Ashwini Asawale,"
"","21","21ffg","gfg","To Do","0","2024-05-28","2024-06-15","","Ashwini Asawale,"
"","22","22gfgfg","fgf","To Do","0","2024-05-28","2024-06-28","","Ashwini Asawale,"
"","23","fdfee","dffdf","To Do","0","2024-05-28","2024-06-21","","Ashwini Asawale,"
"","24","jj","ghg","To Do","0","2024-05-28","2024-06-12","","Ashwini Asawale,"
"","25","27","fgfgfgfgf","To Do","0","2024-05-28","2024-06-21","","Ashwini Asawale,"
"","26","gfkgjm jfgfg","jkjk","To Do","0","2024-05-28","2024-06-21","","Ashwini Asawale,"
"","27","fggf","fgjgof","To Do","0","2024-05-28","2024-06-21","","Ashwini Asawale,"
"","28","ghhgghg","ghgh","To Do","0","2024-05-28","2024-06-21","","Ashwini Asawale,"
